1,2,2,Administración
2,3,3,Limpieza
3,4,1,Seguridad
4,5,2,Técnico
5,6,3,Enfermería
6,7,1,Administración
7,8,2,Limpieza
8,9,3,Seguridad
9,10,1,Técnico
10,11,2,Enfermería
11,12,3,Administración
12,13,1,Limpieza
13,14,2,Seguridad
14,15,3,Técnico
15,16,1,Enfermería
16,17,2,Administración
17,18,3,Limpieza
18,19,1,Seguridad
19,20,2,Técnico
20,21,3,Enfermería
21,22,1,Administración
22,23,2,Limpieza
23,24,3,Seguridad
24,25,1,Técnico
25,26,2,Enfermería
26,27,3,Administración
27,28,1,Limpieza
28,29,2,Seguridad
29,30,3,Técnico
30,31,1,Enfermería
31,32,2,Administración
32,33,3,Limpieza
33,34,1,Seguridad
34,35,2,Técnico
35,36,3,Enfermería
36,37,1,Administración
37,38,2,Limpieza
38,39,3,Seguridad
39,40,1,Técnico
40,41,2,Enfermería
41,42,3,Administración
42,43,1,Limpieza
43,44,2,Seguridad
44,45,3,Técnico
45,46,1,Enfermería
46,47,2,Administración
47,48,3,Limpieza
48,49,1,Seguridad
49,50,2,Técnico
50,51,3,Enfermería
51,52,1,Administración
52,53,2,Limpieza
53,54,3,Seguridad
54,55,1,Técnico
55,56,2,Enfermería
56,57,3,Administración
57,58,1,Limpieza
58,59,2,Seguridad
59,60,3,Técnico
60,61,1,Enfermería
61,62,2,Administración
62,63,3,Limpieza
63,64,1,Seguridad
64,65,2,Técnico
65,66,3,Enfermería
66,67,1,Administración
67,68,2,Limpieza
68,69,3,Seguridad
69,70,1,Técnico
70,71,2,Enfermería
71,72,3,Administración
72,73,1,Limpieza
73,74,2,Seguridad
74,75,3,Técnico
75,76,1,Enfermería
76,77,2,Administración
77,78,3,Limpieza
78,79,1,Seguridad
79,80,2,Técnico
80,81,3,Enfermería
81,82,1,Administración
82,83,2,Limpieza
83,84,3,Seguridad
84,85,1,Técnico
85,86,2,Enfermería
86,87,3,Administración
87,88,1,Limpieza
88,89,2,Seguridad
89,90,3,Técnico
90,91,1,Enfermería
91,92,2,Administración
92,93,3,Limpieza
93,94,1,Seguridad
94,95,2,Técnico
95,96,3,Enfermería
96,97,1,Administración
97,98,2,Limpieza
98,99,3,Seguridad
99,100,1,Técnico
100,101,2,Enfermería
101,102,3,Administración
102,103,1,Limpieza
103,104,2,Seguridad
104,105,3,Técnico
105,106,1,Enfermería
106,107,2,Administración
107,108,3,Limpieza
108,109,1,Seguridad
109,110,2,Técnico
110,111,3,Enfermería
111,112,1,Administración
112,113,2,Limpieza
113,114,3,Seguridad
114,115,1,Técnico
115,116,2,Enfermería
116,117,3,Administración
117,118,1,Limpieza
118,119,2,Seguridad
119,120,3,Técnico
120,121,1,Enfermería
121,122,2,Administración
122,123,3,Limpieza
123,124,1,Seguridad
124,125,2,Técnico
125,126,3,Enfermería
126,127,1,Administración
127,128,2,Limpieza
128,129,3,Seguridad
129,130,1,Técnico
130,131,2,Enfermería
131,132,3,Administración
132,133,1,Limpieza
133,134,2,Seguridad
134,135,3,Técnico
135,136,1,Enfermería
136,137,2,Administración
137,138,3,Limpieza
138,139,1,Seguridad
139,140,2,Técnico
140,141,3,Enfermería
141,142,1,Administración
142,143,2,Limpieza
143,144,3,Seguridad
144,145,1,Técnico
145,146,2,Enfermería
146,147,3,Administración
147,148,1,Limpieza
148,149,2,Seguridad
149,150,3,Técnico
150,151,1,Enfermería
151,152,2,Administración
152,153,3,Limpieza
153,154,1,Seguridad
154,155,2,Técnico
155,156,3,Enfermería
156,157,1,Administración
157,158,2,Limpieza
158,159,3,Seguridad
159,160,1,Técnico
160,161,2,Enfermería
161,162,3,Administración
162,163,1,Limpieza
163,164,2,Seguridad
164,165,3,Técnico
165,166,1,Enfermería
166,167,2,Administración
167,168,3,Limpieza
168,169,1,Seguridad
169,170,2,Técnico
170,171,3,Enfermería
171,172,1,Administración
172,173,2,Limpieza
173,174,3,Seguridad
174,175,1,Técnico
175,176,2,Enfermería
176,177,3,Administración
177,178,1,Limpieza
178,179,2,Seguridad
179,180,3,Técnico
180,181,1,Enfermería
181,182,2,Administración
182,183,3,Limpieza
183,184,1,Seguridad
184,185,2,Técnico
185,186,3,Enfermería
186,187,1,Administración
187,188,2,Limpieza
188,189,3,Seguridad
189,190,1,Técnico
190,191,2,Enfermería
191,192,3,Administración
192,193,1,Limpieza
193,194,2,Seguridad
194,195,3,Técnico
195,196,1,Enfermería
196,197,2,Administración
197,198,3,Limpieza
198,199,1,Seguridad
199,200,2,Técnico
200,201,3,Enfermería
201,202,1,Administración
202,203,2,Limpieza
203,204,3,Seguridad
204,205,1,Técnico
205,206,2,Enfermería
206,207,3,Administración
207,208,1,Limpieza
208,209,2,Seguridad
209,210,3,Técnico
210,211,1,Enfermería
211,212,2,Administración
212,213,3,Limpieza
213,214,1,Seguridad
214,215,2,Técnico
215,216,3,Enfermería
216,217,1,Administración
217,218,2,Limpieza
218,219,3,Seguridad
219,220,1,Técnico
220,221,2,Enfermería
221,222,3,Administración
222,223,1,Limpieza
223,224,2,Seguridad
224,225,3,Técnico
225,226,1,Enfermería
226,227,2,Administración
227,228,3,Limpieza
228,229,1,Seguridad
229,230,2,Técnico
230,231,3,Enfermería
231,232,1,Administración
232,233,2,Limpieza
233,234,3,Seguridad
234,235,1,Técnico
235,236,2,Enfermería
236,237,3,Administración
237,238,1,Limpieza
238,239,2,Seguridad
239,240,3,Técnico
240,241,1,Enfermería
241,242,2,Administración
242,243,3,Limpieza
243,244,1,Seguridad
244,245,2,Técnico
245,246,3,Enfermería
246,247,1,Administración
247,248,2,Limpieza
248,249,3,Seguridad
249,250,1,Técnico
250,251,2,Enfermería
251,252,3,Administración
252,253,1,Limpieza
253,254,2,Seguridad
254,255,3,Técnico
255,256,1,Enfermería
256,257,2,Administración
257,258,3,Limpieza
258,259,1,Seguridad
259,260,2,Técnico
260,261,3,Enfermería
261,262,1,Administración
262,263,2,Limpieza
263,264,3,Seguridad
264,265,1,Técnico
265,266,2,Enfermería
266,267,3,Administración
267,268,1,Limpieza
268,269,2,Seguridad
269,270,3,Técnico
270,271,1,Enfermería
271,272,2,Administración
272,273,3,Limpieza
273,274,1,Seguridad
274,275,2,Técnico
275,276,3,Enfermería
276,277,1,Administración
277,278,2,Limpieza
278,279,3,Seguridad
279,280,1,Técnico
280,281,2,Enfermería
281,282,3,Administración
282,283,1,Limpieza
283,284,2,Seguridad
284,285,3,Técnico
285,286,1,Enfermería
286,287,2,Administración
287,288,3,Limpieza
288,289,1,Seguridad
289,290,2,Técnico
290,291,3,Enfermería
291,292,1,Administración
292,293,2,Limpieza
293,294,3,Seguridad
294,295,1,Técnico
295,296,2,Enfermería
296,297,3,Administración
297,298,1,Limpieza
298,299,2,Seguridad
299,300,3,Técnico
300,301,1,Enfermería
301,302,2,Administración
302,303,3,Limpieza
303,304,1,Seguridad
304,305,2,Técnico
305,306,3,Enfermería
306,307,1,Administración
307,308,2,Limpieza
308,309,3,Seguridad
309,310,1,Técnico
310,311,2,Enfermería
311,312,3,Administración
312,313,1,Limpieza
313,314,2,Seguridad
314,315,3,Técnico
315,316,1,Enfermería
316,317,2,Administración
317,318,3,Limpieza
318,319,1,Seguridad
319,320,2,Técnico
320,321,3,Enfermería
321,322,1,Administración
322,323,2,Limpieza
323,324,3,Seguridad
324,325,1,Técnico
325,326,2,Enfermería
326,327,3,Administración
327,328,1,Limpieza
328,329,2,Seguridad
329,330,3,Técnico
330,331,1,Enfermería
331,332,2,Administración
332,333,3,Limpieza
333,334,1,Seguridad
334,335,2,Técnico
335,336,3,Enfermería
336,337,1,Administración
337,338,2,Limpieza
338,339,3,Seguridad
339,340,1,Técnico
340,341,2,Enfermería
341,342,3,Administración
342,343,1,Limpieza
343,344,2,Seguridad
344,345,3,Técnico
345,346,1,Enfermería
346,347,2,Administración
347,348,3,Limpieza
348,349,1,Seguridad
349,350,2,Técnico
350,351,3,Enfermería
351,352,1,Administración
352,353,2,Limpieza
353,354,3,Seguridad
354,355,1,Técnico
355,356,2,Enfermería
356,357,3,Administración
357,358,1,Limpieza
358,359,2,Seguridad
359,360,3,Técnico
360,361,1,Enfermería
361,362,2,Administración
362,363,3,Limpieza
363,364,1,Seguridad
364,365,2,Técnico
365,366,3,Enfermería
366,367,1,Administración
367,368,2,Limpieza
368,369,3,Seguridad
369,370,1,Técnico
370,371,2,Enfermería
371,372,3,Administración
372,373,1,Limpieza
373,374,2,Seguridad
374,375,3,Técnico
375,376,1,Enfermería
376,377,2,Administración
377,378,3,Limpieza
378,379,1,Seguridad
379,380,2,Técnico
380,381,3,Enfermería
381,382,1,Administración
382,383,2,Limpieza
383,384,3,Seguridad
384,385,1,Técnico
385,386,2,Enfermería
386,387,3,Administración
387,388,1,Limpieza
388,389,2,Seguridad
389,390,3,Técnico
390,391,1,Enfermería
391,392,2,Administración
392,393,3,Limpieza
393,394,1,Seguridad
394,395,2,Técnico
395,396,3,Enfermería
396,397,1,Administración
397,398,2,Limpieza
398,399,3,Seguridad
399,400,1,Técnico
400,401,2,Enfermería
401,402,3,Administración
402,403,1,Limpieza
403,404,2,Seguridad
404,405,3,Técnico
405,406,1,Enfermería
406,407,2,Administración
407,408,3,Limpieza
408,409,1,Seguridad
409,410,2,Técnico
410,411,3,Enfermería
411,412,1,Administración
412,413,2,Limpieza
413,414,3,Seguridad
414,415,1,Técnico
415,416,2,Enfermería
416,417,3,Administración
417,418,1,Limpieza
418,419,2,Seguridad
419,420,3,Técnico
420,421,1,Enfermería
421,422,2,Administración
422,423,3,Limpieza
423,424,1,Seguridad
424,425,2,Técnico
425,426,3,Enfermería
426,427,1,Administración
427,428,2,Limpieza
428,429,3,Seguridad
429,430,1,Técnico
430,431,2,Enfermería
431,432,3,Administración
432,433,1,Limpieza
433,434,2,Seguridad
434,435,3,Técnico
435,436,1,Enfermería
436,437,2,Administración
437,438,3,Limpieza
438,439,1,Seguridad
439,440,2,Técnico
440,441,3,Enfermería
441,442,1,Administración
442,443,2,Limpieza
443,444,3,Seguridad
444,445,1,Técnico
445,446,2,Enfermería
446,447,3,Administración
447,448,1,Limpieza
448,449,2,Seguridad
449,450,3,Técnico
450,451,1,Enfermería
451,452,2,Administración
452,453,3,Limpieza
453,454,1,Seguridad
454,455,2,Técnico
455,456,3,Enfermería
456,457,1,Administración
457,458,2,Limpieza
458,459,3,Seguridad
459,460,1,Técnico
460,461,2,Enfermería
461,462,3,Administración
462,463,1,Limpieza
463,464,2,Seguridad
464,465,3,Técnico
465,466,1,Enfermería
466,467,2,Administración
467,468,3,Limpieza
468,469,1,Seguridad
469,470,2,Técnico
470,471,3,Enfermería
471,472,1,Administración
472,473,2,Limpieza
473,474,3,Seguridad
474,475,1,Técnico
475,476,2,Enfermería
476,477,3,Administración
477,478,1,Limpieza
478,479,2,Seguridad
479,480,3,Técnico
480,481,1,Enfermería
481,482,2,Administración
482,483,3,Limpieza
483,484,1,Seguridad
484,485,2,Técnico
485,486,3,Enfermería
486,487,1,Administración
487,488,2,Limpieza
488,489,3,Seguridad
489,490,1,Técnico
490,491,2,Enfermería
491,492,3,Administración
492,493,1,Limpieza
493,494,2,Seguridad
494,495,3,Técnico
495,496,1,Enfermería
496,497,2,Administración
497,498,3,Limpieza
498,499,1,Seguridad
499,500,2,Técnico
500,501,3,Enfermería
501,502,1,Administración
502,503,2,Limpieza
503,504,3,Seguridad
504,505,1,Técnico
505,506,2,Enfermería
506,507,3,Administración
507,508,1,Limpieza
508,509,2,Seguridad
509,510,3,Técnico
510,511,1,Enfermería
511,512,2,Administración
512,513,3,Limpieza
513,514,1,Seguridad
514,515,2,Técnico
515,516,3,Enfermería
516,517,1,Administración
517,518,2,Limpieza
518,519,3,Seguridad
519,520,1,Técnico
520,521,2,Enfermería
521,522,3,Administración
522,523,1,Limpieza
523,524,2,Seguridad
524,525,3,Técnico
525,526,1,Enfermería
526,527,2,Administración
527,528,3,Limpieza
528,529,1,Seguridad
529,530,2,Técnico
530,531,3,Enfermería
531,532,1,Administración
532,533,2,Limpieza
533,534,3,Seguridad
534,535,1,Técnico
535,536,2,Enfermería
536,537,3,Administración
537,538,1,Limpieza
538,539,2,Seguridad
539,540,3,Técnico
540,541,1,Enfermería
541,542,2,Administración
542,543,3,Limpieza
543,544,1,Seguridad
544,545,2,Técnico
545,546,3,Enfermería
546,547,1,Administración
547,548,2,Limpieza
548,549,3,Seguridad
549,550,1,Técnico
550,551,2,Enfermería
551,552,3,Administración
552,553,1,Limpieza
553,554,2,Seguridad
554,555,3,Técnico
555,556,1,Enfermería
556,557,2,Administración
557,558,3,Limpieza
558,559,1,Seguridad
559,560,2,Técnico
560,561,3,Enfermería
561,562,1,Administración
562,563,2,Limpieza
563,564,3,Seguridad
564,565,1,Técnico
565,566,2,Enfermería
566,567,3,Administración
567,568,1,Limpieza
568,569,2,Seguridad
569,570,3,Técnico
570,571,1,Enfermería
571,572,2,Administración
572,573,3,Limpieza
573,574,1,Seguridad
574,575,2,Técnico
575,576,3,Enfermería
576,577,1,Administración
577,578,2,Limpieza
578,579,3,Seguridad
579,580,1,Técnico
580,581,2,Enfermería
581,582,3,Administración
582,583,1,Limpieza
583,584,2,Seguridad
584,585,3,Técnico
585,586,1,Enfermería
586,587,2,Administración
587,588,3,Limpieza
588,589,1,Seguridad
589,590,2,Técnico
590,591,3,Enfermería
591,592,1,Administración
592,593,2,Limpieza
593,594,3,Seguridad
594,595,1,Técnico
595,596,2,Enfermería
596,597,3,Administración
597,598,1,Limpieza
598,599,2,Seguridad
599,600,3,Técnico
600,601,1,Enfermería
601,602,2,Administración
602,603,3,Limpieza
603,604,1,Seguridad
604,605,2,Técnico
605,606,3,Enfermería
606,607,1,Administración
607,608,2,Limpieza
608,609,3,Seguridad
609,610,1,Técnico
610,611,2,Enfermería
611,612,3,Administración
612,613,1,Limpieza
613,614,2,Seguridad
614,615,3,Técnico
615,616,1,Enfermería
616,617,2,Administración
617,618,3,Limpieza
618,619,1,Seguridad
619,620,2,Técnico
620,621,3,Enfermería
621,622,1,Administración
622,623,2,Limpieza
623,624,3,Seguridad
624,625,1,Técnico
625,626,2,Enfermería
626,627,3,Administración
627,628,1,Limpieza
628,629,2,Seguridad
629,630,3,Técnico
630,631,1,Enfermería
631,632,2,Administración
632,633,3,Limpieza
633,634,1,Seguridad
634,635,2,Técnico
635,636,3,Enfermería
636,637,1,Administración
637,638,2,Limpieza
638,639,3,Seguridad
639,640,1,Técnico
640,641,2,Enfermería
641,642,3,Administración
642,643,1,Limpieza
643,644,2,Seguridad
644,645,3,Técnico
645,646,1,Enfermería
646,647,2,Administración
647,648,3,Limpieza
648,649,1,Seguridad
649,650,2,Técnico
650,651,3,Enfermería
651,652,1,Administración
652,653,2,Limpieza
653,654,3,Seguridad
654,655,1,Técnico
655,656,2,Enfermería
656,657,3,Administración
657,658,1,Limpieza
658,659,2,Seguridad
659,660,3,Técnico
660,661,1,Enfermería
661,662,2,Administración
662,663,3,Limpieza
663,664,1,Seguridad
664,665,2,Técnico
665,666,3,Enfermería
666,667,1,Administración
667,668,2,Limpieza
668,669,3,Seguridad
669,670,1,Técnico
670,671,2,Enfermería
671,672,3,Administración
672,673,1,Limpieza
673,674,2,Seguridad
674,675,3,Técnico
675,676,1,Enfermería
676,677,2,Administración
677,678,3,Limpieza
678,679,1,Seguridad
679,680,2,Técnico
680,681,3,Enfermería
681,682,1,Administración
682,683,2,Limpieza
683,684,3,Seguridad
684,685,1,Técnico
685,686,2,Enfermería
686,687,3,Administración
687,688,1,Limpieza
688,689,2,Seguridad
689,690,3,Técnico
690,691,1,Enfermería
691,692,2,Administración
692,693,3,Limpieza
693,694,1,Seguridad
694,695,2,Técnico
695,696,3,Enfermería
696,697,1,Administración
697,698,2,Limpieza
698,699,3,Seguridad
699,700,1,Técnico
700,701,2,Enfermería
701,702,3,Administración
702,703,1,Limpieza
703,704,2,Seguridad
704,705,3,Técnico
705,706,1,Enfermería
706,707,2,Administración
707,708,3,Limpieza
708,709,1,Seguridad
709,710,2,Técnico
710,711,3,Enfermería
711,712,1,Administración
712,713,2,Limpieza
713,714,3,Seguridad
714,715,1,Técnico
715,716,2,Enfermería
716,717,3,Administración
717,718,1,Limpieza
718,719,2,Seguridad
719,720,3,Técnico
720,721,1,Enfermería
721,722,2,Administración
722,723,3,Limpieza
723,724,1,Seguridad
724,725,2,Técnico
725,726,3,Enfermería
726,727,1,Administración
727,728,2,Limpieza
728,729,3,Seguridad
729,730,1,Técnico
730,731,2,Enfermería
731,732,3,Administración
732,733,1,Limpieza
733,734,2,Seguridad
734,735,3,Técnico
735,736,1,Enfermería
736,737,2,Administración
737,738,3,Limpieza
738,739,1,Seguridad
739,740,2,Técnico
740,741,3,Enfermería
741,742,1,Administración
742,743,2,Limpieza
743,744,3,Seguridad
744,745,1,Técnico
745,746,2,Enfermería
746,747,3,Administración
747,748,1,Limpieza
748,749,2,Seguridad
749,750,3,Técnico
750,751,1,Enfermería
751,752,2,Administración
752,753,3,Limpieza
753,754,1,Seguridad
754,755,2,Técnico
755,756,3,Enfermería
756,757,1,Administración
757,758,2,Limpieza
758,759,3,Seguridad
759,760,1,Técnico
760,761,2,Enfermería
761,762,3,Administración
762,763,1,Limpieza
763,764,2,Seguridad
764,765,3,Técnico
765,766,1,Enfermería
766,767,2,Administración
767,768,3,Limpieza
768,769,1,Seguridad
769,770,2,Técnico
770,771,3,Enfermería
771,772,1,Administración
772,773,2,Limpieza
773,774,3,Seguridad
774,775,1,Técnico
775,776,2,Enfermería
776,777,3,Administración
777,778,1,Limpieza
778,779,2,Seguridad
779,780,3,Técnico
780,781,1,Enfermería
781,782,2,Administración
782,783,3,Limpieza
783,784,1,Seguridad
784,785,2,Técnico
785,786,3,Enfermería
786,787,1,Administración
787,788,2,Limpieza
788,789,3,Seguridad
789,790,1,Técnico
790,791,2,Enfermería
791,792,3,Administración
792,793,1,Limpieza
793,794,2,Seguridad
794,795,3,Técnico
795,796,1,Enfermería
796,797,2,Administración
797,798,3,Limpieza
798,799,1,Seguridad
799,800,2,Técnico
800,801,3,Enfermería
801,802,1,Administración
802,803,2,Limpieza
803,804,3,Seguridad
804,805,1,Técnico
805,806,2,Enfermería
806,807,3,Administración
807,808,1,Limpieza
808,809,2,Seguridad
809,810,3,Técnico
810,811,1,Enfermería
811,812,2,Administración
812,813,3,Limpieza
813,814,1,Seguridad
814,815,2,Técnico
815,816,3,Enfermería
816,817,1,Administración
817,818,2,Limpieza
818,819,3,Seguridad
819,820,1,Técnico
820,821,2,Enfermería
821,822,3,Administración
822,823,1,Limpieza
823,824,2,Seguridad
824,825,3,Técnico
825,826,1,Enfermería
826,827,2,Administración
827,828,3,Limpieza
828,829,1,Seguridad
829,830,2,Técnico
830,831,3,Enfermería
831,832,1,Administración
832,833,2,Limpieza
833,834,3,Seguridad
834,835,1,Técnico
835,836,2,Enfermería
836,837,3,Administración
837,838,1,Limpieza
838,839,2,Seguridad
839,840,3,Técnico
840,841,1,Enfermería
841,842,2,Administración
842,843,3,Limpieza
843,844,1,Seguridad
844,845,2,Técnico
845,846,3,Enfermería
846,847,1,Administración
847,848,2,Limpieza
848,849,3,Seguridad
849,850,1,Técnico
850,851,2,Enfermería
851,852,3,Administración
852,853,1,Limpieza
853,854,2,Seguridad
854,855,3,Técnico
855,856,1,Enfermería
856,857,2,Administración
857,858,3,Limpieza
858,859,1,Seguridad
859,860,2,Técnico
860,861,3,Enfermería
861,862,1,Administración
862,863,2,Limpieza
863,864,3,Seguridad
864,865,1,Técnico
865,866,2,Enfermería
866,867,3,Administración
867,868,1,Limpieza
868,869,2,Seguridad
869,870,3,Técnico
870,871,1,Enfermería
871,872,2,Administración
872,873,3,Limpieza
873,874,1,Seguridad
874,875,2,Técnico
875,876,3,Enfermería
876,877,1,Administración
877,878,2,Limpieza
878,879,3,Seguridad
879,880,1,Técnico
880,881,2,Enfermería
881,882,3,Administración
882,883,1,Limpieza
883,884,2,Seguridad
884,885,3,Técnico
885,886,1,Enfermería
886,887,2,Administración
887,888,3,Limpieza
888,889,1,Seguridad
889,890,2,Técnico
890,891,3,Enfermería
891,892,1,Administración
892,893,2,Limpieza
893,894,3,Seguridad
894,895,1,Técnico
895,896,2,Enfermería
896,897,3,Administración
897,898,1,Limpieza
898,899,2,Seguridad
899,900,3,Técnico
900,901,1,Enfermería
901,902,2,Administración
902,903,3,Limpieza
903,904,1,Seguridad
904,905,2,Técnico
905,906,3,Enfermería
906,907,1,Administración
907,908,2,Limpieza
908,909,3,Seguridad
909,910,1,Técnico
910,911,2,Enfermería
911,912,3,Administración
912,913,1,Limpieza
913,914,2,Seguridad
914,915,3,Técnico
915,916,1,Enfermería
916,917,2,Administración
917,918,3,Limpieza
918,919,1,Seguridad
919,920,2,Técnico
920,921,3,Enfermería
921,922,1,Administración
922,923,2,Limpieza
923,924,3,Seguridad
924,925,1,Técnico
925,926,2,Enfermería
926,927,3,Administración
927,928,1,Limpieza
928,929,2,Seguridad
929,930,3,Técnico
930,931,1,Enfermería
931,932,2,Administración
932,933,3,Limpieza
933,934,1,Seguridad
934,935,2,Técnico
935,936,3,Enfermería
936,937,1,Administración
937,938,2,Limpieza
938,939,3,Seguridad
939,940,1,Técnico
940,941,2,Enfermería
941,942,3,Administración
942,943,1,Limpieza
943,944,2,Seguridad
944,945,3,Técnico
945,946,1,Enfermería
946,947,2,Administración
947,948,3,Limpieza
948,949,1,Seguridad
949,950,2,Técnico
950,951,3,Enfermería
951,952,1,Administración
952,953,2,Limpieza
953,954,3,Seguridad
954,955,1,Técnico
955,956,2,Enfermería
956,957,3,Administración
957,958,1,Limpieza
958,959,2,Seguridad
959,960,3,Técnico
960,961,1,Enfermería
961,962,2,Administración
962,963,3,Limpieza
963,964,1,Seguridad
964,965,2,Técnico
965,966,3,Enfermería
966,967,1,Administración
967,968,2,Limpieza
968,969,3,Seguridad
969,970,1,Técnico
970,971,2,Enfermería
971,972,3,Administración
972,973,1,Limpieza
973,974,2,Seguridad
974,975,3,Técnico
975,976,1,Enfermería
976,977,2,Administración
977,978,3,Limpieza
978,979,1,Seguridad
979,980,2,Técnico
980,981,3,Enfermería
981,982,1,Administración
982,983,2,Limpieza
983,984,3,Seguridad
984,985,1,Técnico
985,986,2,Enfermería
986,987,3,Administración
987,988,1,Limpieza
988,989,2,Seguridad
989,990,3,Técnico
990,991,1,Enfermería
991,992,2,Administración
992,993,3,Limpieza
993,994,1,Seguridad
994,995,2,Técnico
995,996,3,Enfermería
996,997,1,Administración
997,998,2,Limpieza
998,999,3,Seguridad
999,1000,1,Técnico
1000,1,2,Enfermería
