1,UB100001,Cusco,Provincia22,DistritoB2
2,UB100002,Arequipa,Provincia33,DistritoC3
3,UB100003,Piura,Provincia44,DistritoD4
4,UB100004,La Libertad,Provincia55,DistritoE5
5,UB100005,Loreto,Provincia16,DistritoA6
6,UB100006,Junin,Provincia27,DistritoB7
7,UB100007,Puno,Provincia38,DistritoC8
8,UB100008,Tacna,Provincia49,DistritoD9
9,UB100009,Ancash,Provincia510,DistritoE10
10,UB100010,Lima,Provincia111,DistritoA11
11,UB100011,Cusco,Provincia212,DistritoB12
12,UB100012,Arequipa,Provincia313,DistritoC13
13,UB100013,Piura,Provincia414,DistritoD14
14,UB100014,La Libertad,Provincia515,DistritoE15
15,UB100015,Loreto,Provincia116,DistritoA16
16,UB100016,Junin,Provincia217,DistritoB17
17,UB100017,Puno,Provincia318,DistritoC18
18,UB100018,Tacna,Provincia419,DistritoD19
19,UB100019,Ancash,Provincia520,DistritoE20
20,UB100020,Lima,Provincia11,DistritoA21
21,UB100021,Cusco,Provincia22,DistritoB22
22,UB100022,Arequipa,Provincia33,DistritoC23
23,UB100023,Piura,Provincia44,DistritoD24
24,UB100024,La Libertad,Provincia55,DistritoE25
25,UB100025,Loreto,Provincia16,DistritoA26
26,UB100026,Junin,Provincia27,DistritoB27
27,UB100027,Puno,Provincia38,DistritoC28
28,UB100028,Tacna,Provincia49,DistritoD29
29,UB100029,Ancash,Provincia510,DistritoE30
30,UB100030,Lima,Provincia111,DistritoA31
31,UB100031,Cusco,Provincia212,DistritoB32
32,UB100032,Arequipa,Provincia313,DistritoC33
33,UB100033,Piura,Provincia414,DistritoD34
34,UB100034,La Libertad,Provincia515,DistritoE35
35,UB100035,Loreto,Provincia116,DistritoA36
36,UB100036,Junin,Provincia217,DistritoB37
37,UB100037,Puno,Provincia318,DistritoC38
38,UB100038,Tacna,Provincia419,DistritoD39
39,UB100039,Ancash,Provincia520,DistritoE40
40,UB100040,Lima,Provincia11,DistritoA41
41,UB100041,Cusco,Provincia22,DistritoB42
42,UB100042,Arequipa,Provincia33,DistritoC43
43,UB100043,Piura,Provincia44,DistritoD44
44,UB100044,La Libertad,Provincia55,DistritoE45
45,UB100045,Loreto,Provincia16,DistritoA46
46,UB100046,Junin,Provincia27,DistritoB47
47,UB100047,Puno,Provincia38,DistritoC48
48,UB100048,Tacna,Provincia49,DistritoD49
49,UB100049,Ancash,Provincia510,DistritoE50
50,UB100050,Lima,Provincia111,DistritoA1
51,UB100051,Cusco,Provincia212,DistritoB2
52,UB100052,Arequipa,Provincia313,DistritoC3
53,UB100053,Piura,Provincia414,DistritoD4
54,UB100054,La Libertad,Provincia515,DistritoE5
55,UB100055,Loreto,Provincia116,DistritoA6
56,UB100056,Junin,Provincia217,DistritoB7
57,UB100057,Puno,Provincia318,DistritoC8
58,UB100058,Tacna,Provincia419,DistritoD9
59,UB100059,Ancash,Provincia520,DistritoE10
60,UB100060,Lima,Provincia11,DistritoA11
61,UB100061,Cusco,Provincia22,DistritoB12
62,UB100062,Arequipa,Provincia33,DistritoC13
63,UB100063,Piura,Provincia44,DistritoD14
64,UB100064,La Libertad,Provincia55,DistritoE15
65,UB100065,Loreto,Provincia16,DistritoA16
66,UB100066,Junin,Provincia27,DistritoB17
67,UB100067,Puno,Provincia38,DistritoC18
68,UB100068,Tacna,Provincia49,DistritoD19
69,UB100069,Ancash,Provincia510,DistritoE20
70,UB100070,Lima,Provincia111,DistritoA21
71,UB100071,Cusco,Provincia212,DistritoB22
72,UB100072,Arequipa,Provincia313,DistritoC23
73,UB100073,Piura,Provincia414,DistritoD24
74,UB100074,La Libertad,Provincia515,DistritoE25
75,UB100075,Loreto,Provincia116,DistritoA26
76,UB100076,Junin,Provincia217,DistritoB27
77,UB100077,Puno,Provincia318,DistritoC28
78,UB100078,Tacna,Provincia419,DistritoD29
79,UB100079,Ancash,Provincia520,DistritoE30
80,UB100080,Lima,Provincia11,DistritoA31
81,UB100081,Cusco,Provincia22,DistritoB32
82,UB100082,Arequipa,Provincia33,DistritoC33
83,UB100083,Piura,Provincia44,DistritoD34
84,UB100084,La Libertad,Provincia55,DistritoE35
85,UB100085,Loreto,Provincia16,DistritoA36
86,UB100086,Junin,Provincia27,DistritoB37
87,UB100087,Puno,Provincia38,DistritoC38
88,UB100088,Tacna,Provincia49,DistritoD39
89,UB100089,Ancash,Provincia510,DistritoE40
90,UB100090,Lima,Provincia111,DistritoA41
91,UB100091,Cusco,Provincia212,DistritoB42
92,UB100092,Arequipa,Provincia313,DistritoC43
93,UB100093,Piura,Provincia414,DistritoD44
94,UB100094,La Libertad,Provincia515,DistritoE45
95,UB100095,Loreto,Provincia116,DistritoA46
96,UB100096,Junin,Provincia217,DistritoB47
97,UB100097,Puno,Provincia318,DistritoC48
98,UB100098,Tacna,Provincia419,DistritoD49
99,UB100099,Ancash,Provincia520,DistritoE50
100,UB100100,Lima,Provincia11,DistritoA1
101,UB100101,Cusco,Provincia22,DistritoB2
102,UB100102,Arequipa,Provincia33,DistritoC3
103,UB100103,Piura,Provincia44,DistritoD4
104,UB100104,La Libertad,Provincia55,DistritoE5
105,UB100105,Loreto,Provincia16,DistritoA6
106,UB100106,Junin,Provincia27,DistritoB7
107,UB100107,Puno,Provincia38,DistritoC8
108,UB100108,Tacna,Provincia49,DistritoD9
109,UB100109,Ancash,Provincia510,DistritoE10
110,UB100110,Lima,Provincia111,DistritoA11
111,UB100111,Cusco,Provincia212,DistritoB12
112,UB100112,Arequipa,Provincia313,DistritoC13
113,UB100113,Piura,Provincia414,DistritoD14
114,UB100114,La Libertad,Provincia515,DistritoE15
115,UB100115,Loreto,Provincia116,DistritoA16
116,UB100116,Junin,Provincia217,DistritoB17
117,UB100117,Puno,Provincia318,DistritoC18
118,UB100118,Tacna,Provincia419,DistritoD19
119,UB100119,Ancash,Provincia520,DistritoE20
120,UB100120,Lima,Provincia11,DistritoA21
121,UB100121,Cusco,Provincia22,DistritoB22
122,UB100122,Arequipa,Provincia33,DistritoC23
123,UB100123,Piura,Provincia44,DistritoD24
124,UB100124,La Libertad,Provincia55,DistritoE25
125,UB100125,Loreto,Provincia16,DistritoA26
126,UB100126,Junin,Provincia27,DistritoB27
127,UB100127,Puno,Provincia38,DistritoC28
128,UB100128,Tacna,Provincia49,DistritoD29
129,UB100129,Ancash,Provincia510,DistritoE30
130,UB100130,Lima,Provincia111,DistritoA31
131,UB100131,Cusco,Provincia212,DistritoB32
132,UB100132,Arequipa,Provincia313,DistritoC33
133,UB100133,Piura,Provincia414,DistritoD34
134,UB100134,La Libertad,Provincia515,DistritoE35
135,UB100135,Loreto,Provincia116,DistritoA36
136,UB100136,Junin,Provincia217,DistritoB37
137,UB100137,Puno,Provincia318,DistritoC38
138,UB100138,Tacna,Provincia419,DistritoD39
139,UB100139,Ancash,Provincia520,DistritoE40
140,UB100140,Lima,Provincia11,DistritoA41
141,UB100141,Cusco,Provincia22,DistritoB42
142,UB100142,Arequipa,Provincia33,DistritoC43
143,UB100143,Piura,Provincia44,DistritoD44
144,UB100144,La Libertad,Provincia55,DistritoE45
145,UB100145,Loreto,Provincia16,DistritoA46
146,UB100146,Junin,Provincia27,DistritoB47
147,UB100147,Puno,Provincia38,DistritoC48
148,UB100148,Tacna,Provincia49,DistritoD49
149,UB100149,Ancash,Provincia510,DistritoE50
150,UB100150,Lima,Provincia111,DistritoA1
151,UB100151,Cusco,Provincia212,DistritoB2
152,UB100152,Arequipa,Provincia313,DistritoC3
153,UB100153,Piura,Provincia414,DistritoD4
154,UB100154,La Libertad,Provincia515,DistritoE5
155,UB100155,Loreto,Provincia116,DistritoA6
156,UB100156,Junin,Provincia217,DistritoB7
157,UB100157,Puno,Provincia318,DistritoC8
158,UB100158,Tacna,Provincia419,DistritoD9
159,UB100159,Ancash,Provincia520,DistritoE10
160,UB100160,Lima,Provincia11,DistritoA11
161,UB100161,Cusco,Provincia22,DistritoB12
162,UB100162,Arequipa,Provincia33,DistritoC13
163,UB100163,Piura,Provincia44,DistritoD14
164,UB100164,La Libertad,Provincia55,DistritoE15
165,UB100165,Loreto,Provincia16,DistritoA16
166,UB100166,Junin,Provincia27,DistritoB17
167,UB100167,Puno,Provincia38,DistritoC18
168,UB100168,Tacna,Provincia49,DistritoD19
169,UB100169,Ancash,Provincia510,DistritoE20
170,UB100170,Lima,Provincia111,DistritoA21
171,UB100171,Cusco,Provincia212,DistritoB22
172,UB100172,Arequipa,Provincia313,DistritoC23
173,UB100173,Piura,Provincia414,DistritoD24
174,UB100174,La Libertad,Provincia515,DistritoE25
175,UB100175,Loreto,Provincia116,DistritoA26
176,UB100176,Junin,Provincia217,DistritoB27
177,UB100177,Puno,Provincia318,DistritoC28
178,UB100178,Tacna,Provincia419,DistritoD29
179,UB100179,Ancash,Provincia520,DistritoE30
180,UB100180,Lima,Provincia11,DistritoA31
181,UB100181,Cusco,Provincia22,DistritoB32
182,UB100182,Arequipa,Provincia33,DistritoC33
183,UB100183,Piura,Provincia44,DistritoD34
184,UB100184,La Libertad,Provincia55,DistritoE35
185,UB100185,Loreto,Provincia16,DistritoA36
186,UB100186,Junin,Provincia27,DistritoB37
187,UB100187,Puno,Provincia38,DistritoC38
188,UB100188,Tacna,Provincia49,DistritoD39
189,UB100189,Ancash,Provincia510,DistritoE40
190,UB100190,Lima,Provincia111,DistritoA41
191,UB100191,Cusco,Provincia212,DistritoB42
192,UB100192,Arequipa,Provincia313,DistritoC43
193,UB100193,Piura,Provincia414,DistritoD44
194,UB100194,La Libertad,Provincia515,DistritoE45
195,UB100195,Loreto,Provincia116,DistritoA46
196,UB100196,Junin,Provincia217,DistritoB47
197,UB100197,Puno,Provincia318,DistritoC48
198,UB100198,Tacna,Provincia419,DistritoD49
199,UB100199,Ancash,Provincia520,DistritoE50
200,UB100200,Lima,Provincia11,DistritoA1
201,UB100201,Cusco,Provincia22,DistritoB2
202,UB100202,Arequipa,Provincia33,DistritoC3
203,UB100203,Piura,Provincia44,DistritoD4
204,UB100204,La Libertad,Provincia55,DistritoE5
205,UB100205,Loreto,Provincia16,DistritoA6
206,UB100206,Junin,Provincia27,DistritoB7
207,UB100207,Puno,Provincia38,DistritoC8
208,UB100208,Tacna,Provincia49,DistritoD9
209,UB100209,Ancash,Provincia510,DistritoE10
210,UB100210,Lima,Provincia111,DistritoA11
211,UB100211,Cusco,Provincia212,DistritoB12
212,UB100212,Arequipa,Provincia313,DistritoC13
213,UB100213,Piura,Provincia414,DistritoD14
214,UB100214,La Libertad,Provincia515,DistritoE15
215,UB100215,Loreto,Provincia116,DistritoA16
216,UB100216,Junin,Provincia217,DistritoB17
217,UB100217,Puno,Provincia318,DistritoC18
218,UB100218,Tacna,Provincia419,DistritoD19
219,UB100219,Ancash,Provincia520,DistritoE20
220,UB100220,Lima,Provincia11,DistritoA21
221,UB100221,Cusco,Provincia22,DistritoB22
222,UB100222,Arequipa,Provincia33,DistritoC23
223,UB100223,Piura,Provincia44,DistritoD24
224,UB100224,La Libertad,Provincia55,DistritoE25
225,UB100225,Loreto,Provincia16,DistritoA26
226,UB100226,Junin,Provincia27,DistritoB27
227,UB100227,Puno,Provincia38,DistritoC28
228,UB100228,Tacna,Provincia49,DistritoD29
229,UB100229,Ancash,Provincia510,DistritoE30
230,UB100230,Lima,Provincia111,DistritoA31
231,UB100231,Cusco,Provincia212,DistritoB32
232,UB100232,Arequipa,Provincia313,DistritoC33
233,UB100233,Piura,Provincia414,DistritoD34
234,UB100234,La Libertad,Provincia515,DistritoE35
235,UB100235,Loreto,Provincia116,DistritoA36
236,UB100236,Junin,Provincia217,DistritoB37
237,UB100237,Puno,Provincia318,DistritoC38
238,UB100238,Tacna,Provincia419,DistritoD39
239,UB100239,Ancash,Provincia520,DistritoE40
240,UB100240,Lima,Provincia11,DistritoA41
241,UB100241,Cusco,Provincia22,DistritoB42
242,UB100242,Arequipa,Provincia33,DistritoC43
243,UB100243,Piura,Provincia44,DistritoD44
244,UB100244,La Libertad,Provincia55,DistritoE45
245,UB100245,Loreto,Provincia16,DistritoA46
246,UB100246,Junin,Provincia27,DistritoB47
247,UB100247,Puno,Provincia38,DistritoC48
248,UB100248,Tacna,Provincia49,DistritoD49
249,UB100249,Ancash,Provincia510,DistritoE50
250,UB100250,Lima,Provincia111,DistritoA1
251,UB100251,Cusco,Provincia212,DistritoB2
252,UB100252,Arequipa,Provincia313,DistritoC3
253,UB100253,Piura,Provincia414,DistritoD4
254,UB100254,La Libertad,Provincia515,DistritoE5
255,UB100255,Loreto,Provincia116,DistritoA6
256,UB100256,Junin,Provincia217,DistritoB7
257,UB100257,Puno,Provincia318,DistritoC8
258,UB100258,Tacna,Provincia419,DistritoD9
259,UB100259,Ancash,Provincia520,DistritoE10
260,UB100260,Lima,Provincia11,DistritoA11
261,UB100261,Cusco,Provincia22,DistritoB12
262,UB100262,Arequipa,Provincia33,DistritoC13
263,UB100263,Piura,Provincia44,DistritoD14
264,UB100264,La Libertad,Provincia55,DistritoE15
265,UB100265,Loreto,Provincia16,DistritoA16
266,UB100266,Junin,Provincia27,DistritoB17
267,UB100267,Puno,Provincia38,DistritoC18
268,UB100268,Tacna,Provincia49,DistritoD19
269,UB100269,Ancash,Provincia510,DistritoE20
270,UB100270,Lima,Provincia111,DistritoA21
271,UB100271,Cusco,Provincia212,DistritoB22
272,UB100272,Arequipa,Provincia313,DistritoC23
273,UB100273,Piura,Provincia414,DistritoD24
274,UB100274,La Libertad,Provincia515,DistritoE25
275,UB100275,Loreto,Provincia116,DistritoA26
276,UB100276,Junin,Provincia217,DistritoB27
277,UB100277,Puno,Provincia318,DistritoC28
278,UB100278,Tacna,Provincia419,DistritoD29
279,UB100279,Ancash,Provincia520,DistritoE30
280,UB100280,Lima,Provincia11,DistritoA31
281,UB100281,Cusco,Provincia22,DistritoB32
282,UB100282,Arequipa,Provincia33,DistritoC33
283,UB100283,Piura,Provincia44,DistritoD34
284,UB100284,La Libertad,Provincia55,DistritoE35
285,UB100285,Loreto,Provincia16,DistritoA36
286,UB100286,Junin,Provincia27,DistritoB37
287,UB100287,Puno,Provincia38,DistritoC38
288,UB100288,Tacna,Provincia49,DistritoD39
289,UB100289,Ancash,Provincia510,DistritoE40
290,UB100290,Lima,Provincia111,DistritoA41
291,UB100291,Cusco,Provincia212,DistritoB42
292,UB100292,Arequipa,Provincia313,DistritoC43
293,UB100293,Piura,Provincia414,DistritoD44
294,UB100294,La Libertad,Provincia515,DistritoE45
295,UB100295,Loreto,Provincia116,DistritoA46
296,UB100296,Junin,Provincia217,DistritoB47
297,UB100297,Puno,Provincia318,DistritoC48
298,UB100298,Tacna,Provincia419,DistritoD49
299,UB100299,Ancash,Provincia520,DistritoE50
300,UB100300,Lima,Provincia11,DistritoA1
301,UB100301,Cusco,Provincia22,DistritoB2
302,UB100302,Arequipa,Provincia33,DistritoC3
303,UB100303,Piura,Provincia44,DistritoD4
304,UB100304,La Libertad,Provincia55,DistritoE5
305,UB100305,Loreto,Provincia16,DistritoA6
306,UB100306,Junin,Provincia27,DistritoB7
307,UB100307,Puno,Provincia38,DistritoC8
308,UB100308,Tacna,Provincia49,DistritoD9
309,UB100309,Ancash,Provincia510,DistritoE10
310,UB100310,Lima,Provincia111,DistritoA11
311,UB100311,Cusco,Provincia212,DistritoB12
312,UB100312,Arequipa,Provincia313,DistritoC13
313,UB100313,Piura,Provincia414,DistritoD14
314,UB100314,La Libertad,Provincia515,DistritoE15
315,UB100315,Loreto,Provincia116,DistritoA16
316,UB100316,Junin,Provincia217,DistritoB17
317,UB100317,Puno,Provincia318,DistritoC18
318,UB100318,Tacna,Provincia419,DistritoD19
319,UB100319,Ancash,Provincia520,DistritoE20
320,UB100320,Lima,Provincia11,DistritoA21
321,UB100321,Cusco,Provincia22,DistritoB22
322,UB100322,Arequipa,Provincia33,DistritoC23
323,UB100323,Piura,Provincia44,DistritoD24
324,UB100324,La Libertad,Provincia55,DistritoE25
325,UB100325,Loreto,Provincia16,DistritoA26
326,UB100326,Junin,Provincia27,DistritoB27
327,UB100327,Puno,Provincia38,DistritoC28
328,UB100328,Tacna,Provincia49,DistritoD29
329,UB100329,Ancash,Provincia510,DistritoE30
330,UB100330,Lima,Provincia111,DistritoA31
331,UB100331,Cusco,Provincia212,DistritoB32
332,UB100332,Arequipa,Provincia313,DistritoC33
333,UB100333,Piura,Provincia414,DistritoD34
334,UB100334,La Libertad,Provincia515,DistritoE35
335,UB100335,Loreto,Provincia116,DistritoA36
336,UB100336,Junin,Provincia217,DistritoB37
337,UB100337,Puno,Provincia318,DistritoC38
338,UB100338,Tacna,Provincia419,DistritoD39
339,UB100339,Ancash,Provincia520,DistritoE40
340,UB100340,Lima,Provincia11,DistritoA41
341,UB100341,Cusco,Provincia22,DistritoB42
342,UB100342,Arequipa,Provincia33,DistritoC43
343,UB100343,Piura,Provincia44,DistritoD44
344,UB100344,La Libertad,Provincia55,DistritoE45
345,UB100345,Loreto,Provincia16,DistritoA46
346,UB100346,Junin,Provincia27,DistritoB47
347,UB100347,Puno,Provincia38,DistritoC48
348,UB100348,Tacna,Provincia49,DistritoD49
349,UB100349,Ancash,Provincia510,DistritoE50
350,UB100350,Lima,Provincia111,DistritoA1
351,UB100351,Cusco,Provincia212,DistritoB2
352,UB100352,Arequipa,Provincia313,DistritoC3
353,UB100353,Piura,Provincia414,DistritoD4
354,UB100354,La Libertad,Provincia515,DistritoE5
355,UB100355,Loreto,Provincia116,DistritoA6
356,UB100356,Junin,Provincia217,DistritoB7
357,UB100357,Puno,Provincia318,DistritoC8
358,UB100358,Tacna,Provincia419,DistritoD9
359,UB100359,Ancash,Provincia520,DistritoE10
360,UB100360,Lima,Provincia11,DistritoA11
361,UB100361,Cusco,Provincia22,DistritoB12
362,UB100362,Arequipa,Provincia33,DistritoC13
363,UB100363,Piura,Provincia44,DistritoD14
364,UB100364,La Libertad,Provincia55,DistritoE15
365,UB100365,Loreto,Provincia16,DistritoA16
366,UB100366,Junin,Provincia27,DistritoB17
367,UB100367,Puno,Provincia38,DistritoC18
368,UB100368,Tacna,Provincia49,DistritoD19
369,UB100369,Ancash,Provincia510,DistritoE20
370,UB100370,Lima,Provincia111,DistritoA21
371,UB100371,Cusco,Provincia212,DistritoB22
372,UB100372,Arequipa,Provincia313,DistritoC23
373,UB100373,Piura,Provincia414,DistritoD24
374,UB100374,La Libertad,Provincia515,DistritoE25
375,UB100375,Loreto,Provincia116,DistritoA26
376,UB100376,Junin,Provincia217,DistritoB27
377,UB100377,Puno,Provincia318,DistritoC28
378,UB100378,Tacna,Provincia419,DistritoD29
379,UB100379,Ancash,Provincia520,DistritoE30
380,UB100380,Lima,Provincia11,DistritoA31
381,UB100381,Cusco,Provincia22,DistritoB32
382,UB100382,Arequipa,Provincia33,DistritoC33
383,UB100383,Piura,Provincia44,DistritoD34
384,UB100384,La Libertad,Provincia55,DistritoE35
385,UB100385,Loreto,Provincia16,DistritoA36
386,UB100386,Junin,Provincia27,DistritoB37
387,UB100387,Puno,Provincia38,DistritoC38
388,UB100388,Tacna,Provincia49,DistritoD39
389,UB100389,Ancash,Provincia510,DistritoE40
390,UB100390,Lima,Provincia111,DistritoA41
391,UB100391,Cusco,Provincia212,DistritoB42
392,UB100392,Arequipa,Provincia313,DistritoC43
393,UB100393,Piura,Provincia414,DistritoD44
394,UB100394,La Libertad,Provincia515,DistritoE45
395,UB100395,Loreto,Provincia116,DistritoA46
396,UB100396,Junin,Provincia217,DistritoB47
397,UB100397,Puno,Provincia318,DistritoC48
398,UB100398,Tacna,Provincia419,DistritoD49
399,UB100399,Ancash,Provincia520,DistritoE50
400,UB100400,Lima,Provincia11,DistritoA1
401,UB100401,Cusco,Provincia22,DistritoB2
402,UB100402,Arequipa,Provincia33,DistritoC3
403,UB100403,Piura,Provincia44,DistritoD4
404,UB100404,La Libertad,Provincia55,DistritoE5
405,UB100405,Loreto,Provincia16,DistritoA6
406,UB100406,Junin,Provincia27,DistritoB7
407,UB100407,Puno,Provincia38,DistritoC8
408,UB100408,Tacna,Provincia49,DistritoD9
409,UB100409,Ancash,Provincia510,DistritoE10
410,UB100410,Lima,Provincia111,DistritoA11
411,UB100411,Cusco,Provincia212,DistritoB12
412,UB100412,Arequipa,Provincia313,DistritoC13
413,UB100413,Piura,Provincia414,DistritoD14
414,UB100414,La Libertad,Provincia515,DistritoE15
415,UB100415,Loreto,Provincia116,DistritoA16
416,UB100416,Junin,Provincia217,DistritoB17
417,UB100417,Puno,Provincia318,DistritoC18
418,UB100418,Tacna,Provincia419,DistritoD19
419,UB100419,Ancash,Provincia520,DistritoE20
420,UB100420,Lima,Provincia11,DistritoA21
421,UB100421,Cusco,Provincia22,DistritoB22
422,UB100422,Arequipa,Provincia33,DistritoC23
423,UB100423,Piura,Provincia44,DistritoD24
424,UB100424,La Libertad,Provincia55,DistritoE25
425,UB100425,Loreto,Provincia16,DistritoA26
426,UB100426,Junin,Provincia27,DistritoB27
427,UB100427,Puno,Provincia38,DistritoC28
428,UB100428,Tacna,Provincia49,DistritoD29
429,UB100429,Ancash,Provincia510,DistritoE30
430,UB100430,Lima,Provincia111,DistritoA31
431,UB100431,Cusco,Provincia212,DistritoB32
432,UB100432,Arequipa,Provincia313,DistritoC33
433,UB100433,Piura,Provincia414,DistritoD34
434,UB100434,La Libertad,Provincia515,DistritoE35
435,UB100435,Loreto,Provincia116,DistritoA36
436,UB100436,Junin,Provincia217,DistritoB37
437,UB100437,Puno,Provincia318,DistritoC38
438,UB100438,Tacna,Provincia419,DistritoD39
439,UB100439,Ancash,Provincia520,DistritoE40
440,UB100440,Lima,Provincia11,DistritoA41
441,UB100441,Cusco,Provincia22,DistritoB42
442,UB100442,Arequipa,Provincia33,DistritoC43
443,UB100443,Piura,Provincia44,DistritoD44
444,UB100444,La Libertad,Provincia55,DistritoE45
445,UB100445,Loreto,Provincia16,DistritoA46
446,UB100446,Junin,Provincia27,DistritoB47
447,UB100447,Puno,Provincia38,DistritoC48
448,UB100448,Tacna,Provincia49,DistritoD49
449,UB100449,Ancash,Provincia510,DistritoE50
450,UB100450,Lima,Provincia111,DistritoA1
451,UB100451,Cusco,Provincia212,DistritoB2
452,UB100452,Arequipa,Provincia313,DistritoC3
453,UB100453,Piura,Provincia414,DistritoD4
454,UB100454,La Libertad,Provincia515,DistritoE5
455,UB100455,Loreto,Provincia116,DistritoA6
456,UB100456,Junin,Provincia217,DistritoB7
457,UB100457,Puno,Provincia318,DistritoC8
458,UB100458,Tacna,Provincia419,DistritoD9
459,UB100459,Ancash,Provincia520,DistritoE10
460,UB100460,Lima,Provincia11,DistritoA11
461,UB100461,Cusco,Provincia22,DistritoB12
462,UB100462,Arequipa,Provincia33,DistritoC13
463,UB100463,Piura,Provincia44,DistritoD14
464,UB100464,La Libertad,Provincia55,DistritoE15
465,UB100465,Loreto,Provincia16,DistritoA16
466,UB100466,Junin,Provincia27,DistritoB17
467,UB100467,Puno,Provincia38,DistritoC18
468,UB100468,Tacna,Provincia49,DistritoD19
469,UB100469,Ancash,Provincia510,DistritoE20
470,UB100470,Lima,Provincia111,DistritoA21
471,UB100471,Cusco,Provincia212,DistritoB22
472,UB100472,Arequipa,Provincia313,DistritoC23
473,UB100473,Piura,Provincia414,DistritoD24
474,UB100474,La Libertad,Provincia515,DistritoE25
475,UB100475,Loreto,Provincia116,DistritoA26
476,UB100476,Junin,Provincia217,DistritoB27
477,UB100477,Puno,Provincia318,DistritoC28
478,UB100478,Tacna,Provincia419,DistritoD29
479,UB100479,Ancash,Provincia520,DistritoE30
480,UB100480,Lima,Provincia11,DistritoA31
481,UB100481,Cusco,Provincia22,DistritoB32
482,UB100482,Arequipa,Provincia33,DistritoC33
483,UB100483,Piura,Provincia44,DistritoD34
484,UB100484,La Libertad,Provincia55,DistritoE35
485,UB100485,Loreto,Provincia16,DistritoA36
486,UB100486,Junin,Provincia27,DistritoB37
487,UB100487,Puno,Provincia38,DistritoC38
488,UB100488,Tacna,Provincia49,DistritoD39
489,UB100489,Ancash,Provincia510,DistritoE40
490,UB100490,Lima,Provincia111,DistritoA41
491,UB100491,Cusco,Provincia212,DistritoB42
492,UB100492,Arequipa,Provincia313,DistritoC43
493,UB100493,Piura,Provincia414,DistritoD44
494,UB100494,La Libertad,Provincia515,DistritoE45
495,UB100495,Loreto,Provincia116,DistritoA46
496,UB100496,Junin,Provincia217,DistritoB47
497,UB100497,Puno,Provincia318,DistritoC48
498,UB100498,Tacna,Provincia419,DistritoD49
499,UB100499,Ancash,Provincia520,DistritoE50
500,UB100500,Lima,Provincia11,DistritoA1
501,UB100501,Cusco,Provincia22,DistritoB2
502,UB100502,Arequipa,Provincia33,DistritoC3
503,UB100503,Piura,Provincia44,DistritoD4
504,UB100504,La Libertad,Provincia55,DistritoE5
505,UB100505,Loreto,Provincia16,DistritoA6
506,UB100506,Junin,Provincia27,DistritoB7
507,UB100507,Puno,Provincia38,DistritoC8
508,UB100508,Tacna,Provincia49,DistritoD9
509,UB100509,Ancash,Provincia510,DistritoE10
510,UB100510,Lima,Provincia111,DistritoA11
511,UB100511,Cusco,Provincia212,DistritoB12
512,UB100512,Arequipa,Provincia313,DistritoC13
513,UB100513,Piura,Provincia414,DistritoD14
514,UB100514,La Libertad,Provincia515,DistritoE15
515,UB100515,Loreto,Provincia116,DistritoA16
516,UB100516,Junin,Provincia217,DistritoB17
517,UB100517,Puno,Provincia318,DistritoC18
518,UB100518,Tacna,Provincia419,DistritoD19
519,UB100519,Ancash,Provincia520,DistritoE20
520,UB100520,Lima,Provincia11,DistritoA21
521,UB100521,Cusco,Provincia22,DistritoB22
522,UB100522,Arequipa,Provincia33,DistritoC23
523,UB100523,Piura,Provincia44,DistritoD24
524,UB100524,La Libertad,Provincia55,DistritoE25
525,UB100525,Loreto,Provincia16,DistritoA26
526,UB100526,Junin,Provincia27,DistritoB27
527,UB100527,Puno,Provincia38,DistritoC28
528,UB100528,Tacna,Provincia49,DistritoD29
529,UB100529,Ancash,Provincia510,DistritoE30
530,UB100530,Lima,Provincia111,DistritoA31
531,UB100531,Cusco,Provincia212,DistritoB32
532,UB100532,Arequipa,Provincia313,DistritoC33
533,UB100533,Piura,Provincia414,DistritoD34
534,UB100534,La Libertad,Provincia515,DistritoE35
535,UB100535,Loreto,Provincia116,DistritoA36
536,UB100536,Junin,Provincia217,DistritoB37
537,UB100537,Puno,Provincia318,DistritoC38
538,UB100538,Tacna,Provincia419,DistritoD39
539,UB100539,Ancash,Provincia520,DistritoE40
540,UB100540,Lima,Provincia11,DistritoA41
541,UB100541,Cusco,Provincia22,DistritoB42
542,UB100542,Arequipa,Provincia33,DistritoC43
543,UB100543,Piura,Provincia44,DistritoD44
544,UB100544,La Libertad,Provincia55,DistritoE45
545,UB100545,Loreto,Provincia16,DistritoA46
546,UB100546,Junin,Provincia27,DistritoB47
547,UB100547,Puno,Provincia38,DistritoC48
548,UB100548,Tacna,Provincia49,DistritoD49
549,UB100549,Ancash,Provincia510,DistritoE50
550,UB100550,Lima,Provincia111,DistritoA1
551,UB100551,Cusco,Provincia212,DistritoB2
552,UB100552,Arequipa,Provincia313,DistritoC3
553,UB100553,Piura,Provincia414,DistritoD4
554,UB100554,La Libertad,Provincia515,DistritoE5
555,UB100555,Loreto,Provincia116,DistritoA6
556,UB100556,Junin,Provincia217,DistritoB7
557,UB100557,Puno,Provincia318,DistritoC8
558,UB100558,Tacna,Provincia419,DistritoD9
559,UB100559,Ancash,Provincia520,DistritoE10
560,UB100560,Lima,Provincia11,DistritoA11
561,UB100561,Cusco,Provincia22,DistritoB12
562,UB100562,Arequipa,Provincia33,DistritoC13
563,UB100563,Piura,Provincia44,DistritoD14
564,UB100564,La Libertad,Provincia55,DistritoE15
565,UB100565,Loreto,Provincia16,DistritoA16
566,UB100566,Junin,Provincia27,DistritoB17
567,UB100567,Puno,Provincia38,DistritoC18
568,UB100568,Tacna,Provincia49,DistritoD19
569,UB100569,Ancash,Provincia510,DistritoE20
570,UB100570,Lima,Provincia111,DistritoA21
571,UB100571,Cusco,Provincia212,DistritoB22
572,UB100572,Arequipa,Provincia313,DistritoC23
573,UB100573,Piura,Provincia414,DistritoD24
574,UB100574,La Libertad,Provincia515,DistritoE25
575,UB100575,Loreto,Provincia116,DistritoA26
576,UB100576,Junin,Provincia217,DistritoB27
577,UB100577,Puno,Provincia318,DistritoC28
578,UB100578,Tacna,Provincia419,DistritoD29
579,UB100579,Ancash,Provincia520,DistritoE30
580,UB100580,Lima,Provincia11,DistritoA31
581,UB100581,Cusco,Provincia22,DistritoB32
582,UB100582,Arequipa,Provincia33,DistritoC33
583,UB100583,Piura,Provincia44,DistritoD34
584,UB100584,La Libertad,Provincia55,DistritoE35
585,UB100585,Loreto,Provincia16,DistritoA36
586,UB100586,Junin,Provincia27,DistritoB37
587,UB100587,Puno,Provincia38,DistritoC38
588,UB100588,Tacna,Provincia49,DistritoD39
589,UB100589,Ancash,Provincia510,DistritoE40
590,UB100590,Lima,Provincia111,DistritoA41
591,UB100591,Cusco,Provincia212,DistritoB42
592,UB100592,Arequipa,Provincia313,DistritoC43
593,UB100593,Piura,Provincia414,DistritoD44
594,UB100594,La Libertad,Provincia515,DistritoE45
595,UB100595,Loreto,Provincia116,DistritoA46
596,UB100596,Junin,Provincia217,DistritoB47
597,UB100597,Puno,Provincia318,DistritoC48
598,UB100598,Tacna,Provincia419,DistritoD49
599,UB100599,Ancash,Provincia520,DistritoE50
600,UB100600,Lima,Provincia11,DistritoA1
601,UB100601,Cusco,Provincia22,DistritoB2
602,UB100602,Arequipa,Provincia33,DistritoC3
603,UB100603,Piura,Provincia44,DistritoD4
604,UB100604,La Libertad,Provincia55,DistritoE5
605,UB100605,Loreto,Provincia16,DistritoA6
606,UB100606,Junin,Provincia27,DistritoB7
607,UB100607,Puno,Provincia38,DistritoC8
608,UB100608,Tacna,Provincia49,DistritoD9
609,UB100609,Ancash,Provincia510,DistritoE10
610,UB100610,Lima,Provincia111,DistritoA11
611,UB100611,Cusco,Provincia212,DistritoB12
612,UB100612,Arequipa,Provincia313,DistritoC13
613,UB100613,Piura,Provincia414,DistritoD14
614,UB100614,La Libertad,Provincia515,DistritoE15
615,UB100615,Loreto,Provincia116,DistritoA16
616,UB100616,Junin,Provincia217,DistritoB17
617,UB100617,Puno,Provincia318,DistritoC18
618,UB100618,Tacna,Provincia419,DistritoD19
619,UB100619,Ancash,Provincia520,DistritoE20
620,UB100620,Lima,Provincia11,DistritoA21
621,UB100621,Cusco,Provincia22,DistritoB22
622,UB100622,Arequipa,Provincia33,DistritoC23
623,UB100623,Piura,Provincia44,DistritoD24
624,UB100624,La Libertad,Provincia55,DistritoE25
625,UB100625,Loreto,Provincia16,DistritoA26
626,UB100626,Junin,Provincia27,DistritoB27
627,UB100627,Puno,Provincia38,DistritoC28
628,UB100628,Tacna,Provincia49,DistritoD29
629,UB100629,Ancash,Provincia510,DistritoE30
630,UB100630,Lima,Provincia111,DistritoA31
631,UB100631,Cusco,Provincia212,DistritoB32
632,UB100632,Arequipa,Provincia313,DistritoC33
633,UB100633,Piura,Provincia414,DistritoD34
634,UB100634,La Libertad,Provincia515,DistritoE35
635,UB100635,Loreto,Provincia116,DistritoA36
636,UB100636,Junin,Provincia217,DistritoB37
637,UB100637,Puno,Provincia318,DistritoC38
638,UB100638,Tacna,Provincia419,DistritoD39
639,UB100639,Ancash,Provincia520,DistritoE40
640,UB100640,Lima,Provincia11,DistritoA41
641,UB100641,Cusco,Provincia22,DistritoB42
642,UB100642,Arequipa,Provincia33,DistritoC43
643,UB100643,Piura,Provincia44,DistritoD44
644,UB100644,La Libertad,Provincia55,DistritoE45
645,UB100645,Loreto,Provincia16,DistritoA46
646,UB100646,Junin,Provincia27,DistritoB47
647,UB100647,Puno,Provincia38,DistritoC48
648,UB100648,Tacna,Provincia49,DistritoD49
649,UB100649,Ancash,Provincia510,DistritoE50
650,UB100650,Lima,Provincia111,DistritoA1
651,UB100651,Cusco,Provincia212,DistritoB2
652,UB100652,Arequipa,Provincia313,DistritoC3
653,UB100653,Piura,Provincia414,DistritoD4
654,UB100654,La Libertad,Provincia515,DistritoE5
655,UB100655,Loreto,Provincia116,DistritoA6
656,UB100656,Junin,Provincia217,DistritoB7
657,UB100657,Puno,Provincia318,DistritoC8
658,UB100658,Tacna,Provincia419,DistritoD9
659,UB100659,Ancash,Provincia520,DistritoE10
660,UB100660,Lima,Provincia11,DistritoA11
661,UB100661,Cusco,Provincia22,DistritoB12
662,UB100662,Arequipa,Provincia33,DistritoC13
663,UB100663,Piura,Provincia44,DistritoD14
664,UB100664,La Libertad,Provincia55,DistritoE15
665,UB100665,Loreto,Provincia16,DistritoA16
666,UB100666,Junin,Provincia27,DistritoB17
667,UB100667,Puno,Provincia38,DistritoC18
668,UB100668,Tacna,Provincia49,DistritoD19
669,UB100669,Ancash,Provincia510,DistritoE20
670,UB100670,Lima,Provincia111,DistritoA21
671,UB100671,Cusco,Provincia212,DistritoB22
672,UB100672,Arequipa,Provincia313,DistritoC23
673,UB100673,Piura,Provincia414,DistritoD24
674,UB100674,La Libertad,Provincia515,DistritoE25
675,UB100675,Loreto,Provincia116,DistritoA26
676,UB100676,Junin,Provincia217,DistritoB27
677,UB100677,Puno,Provincia318,DistritoC28
678,UB100678,Tacna,Provincia419,DistritoD29
679,UB100679,Ancash,Provincia520,DistritoE30
680,UB100680,Lima,Provincia11,DistritoA31
681,UB100681,Cusco,Provincia22,DistritoB32
682,UB100682,Arequipa,Provincia33,DistritoC33
683,UB100683,Piura,Provincia44,DistritoD34
684,UB100684,La Libertad,Provincia55,DistritoE35
685,UB100685,Loreto,Provincia16,DistritoA36
686,UB100686,Junin,Provincia27,DistritoB37
687,UB100687,Puno,Provincia38,DistritoC38
688,UB100688,Tacna,Provincia49,DistritoD39
689,UB100689,Ancash,Provincia510,DistritoE40
690,UB100690,Lima,Provincia111,DistritoA41
691,UB100691,Cusco,Provincia212,DistritoB42
692,UB100692,Arequipa,Provincia313,DistritoC43
693,UB100693,Piura,Provincia414,DistritoD44
694,UB100694,La Libertad,Provincia515,DistritoE45
695,UB100695,Loreto,Provincia116,DistritoA46
696,UB100696,Junin,Provincia217,DistritoB47
697,UB100697,Puno,Provincia318,DistritoC48
698,UB100698,Tacna,Provincia419,DistritoD49
699,UB100699,Ancash,Provincia520,DistritoE50
700,UB100700,Lima,Provincia11,DistritoA1
701,UB100701,Cusco,Provincia22,DistritoB2
702,UB100702,Arequipa,Provincia33,DistritoC3
703,UB100703,Piura,Provincia44,DistritoD4
704,UB100704,La Libertad,Provincia55,DistritoE5
705,UB100705,Loreto,Provincia16,DistritoA6
706,UB100706,Junin,Provincia27,DistritoB7
707,UB100707,Puno,Provincia38,DistritoC8
708,UB100708,Tacna,Provincia49,DistritoD9
709,UB100709,Ancash,Provincia510,DistritoE10
710,UB100710,Lima,Provincia111,DistritoA11
711,UB100711,Cusco,Provincia212,DistritoB12
712,UB100712,Arequipa,Provincia313,DistritoC13
713,UB100713,Piura,Provincia414,DistritoD14
714,UB100714,La Libertad,Provincia515,DistritoE15
715,UB100715,Loreto,Provincia116,DistritoA16
716,UB100716,Junin,Provincia217,DistritoB17
717,UB100717,Puno,Provincia318,DistritoC18
718,UB100718,Tacna,Provincia419,DistritoD19
719,UB100719,Ancash,Provincia520,DistritoE20
720,UB100720,Lima,Provincia11,DistritoA21
721,UB100721,Cusco,Provincia22,DistritoB22
722,UB100722,Arequipa,Provincia33,DistritoC23
723,UB100723,Piura,Provincia44,DistritoD24
724,UB100724,La Libertad,Provincia55,DistritoE25
725,UB100725,Loreto,Provincia16,DistritoA26
726,UB100726,Junin,Provincia27,DistritoB27
727,UB100727,Puno,Provincia38,DistritoC28
728,UB100728,Tacna,Provincia49,DistritoD29
729,UB100729,Ancash,Provincia510,DistritoE30
730,UB100730,Lima,Provincia111,DistritoA31
731,UB100731,Cusco,Provincia212,DistritoB32
732,UB100732,Arequipa,Provincia313,DistritoC33
733,UB100733,Piura,Provincia414,DistritoD34
734,UB100734,La Libertad,Provincia515,DistritoE35
735,UB100735,Loreto,Provincia116,DistritoA36
736,UB100736,Junin,Provincia217,DistritoB37
737,UB100737,Puno,Provincia318,DistritoC38
738,UB100738,Tacna,Provincia419,DistritoD39
739,UB100739,Ancash,Provincia520,DistritoE40
740,UB100740,Lima,Provincia11,DistritoA41
741,UB100741,Cusco,Provincia22,DistritoB42
742,UB100742,Arequipa,Provincia33,DistritoC43
743,UB100743,Piura,Provincia44,DistritoD44
744,UB100744,La Libertad,Provincia55,DistritoE45
745,UB100745,Loreto,Provincia16,DistritoA46
746,UB100746,Junin,Provincia27,DistritoB47
747,UB100747,Puno,Provincia38,DistritoC48
748,UB100748,Tacna,Provincia49,DistritoD49
749,UB100749,Ancash,Provincia510,DistritoE50
750,UB100750,Lima,Provincia111,DistritoA1
751,UB100751,Cusco,Provincia212,DistritoB2
752,UB100752,Arequipa,Provincia313,DistritoC3
753,UB100753,Piura,Provincia414,DistritoD4
754,UB100754,La Libertad,Provincia515,DistritoE5
755,UB100755,Loreto,Provincia116,DistritoA6
756,UB100756,Junin,Provincia217,DistritoB7
757,UB100757,Puno,Provincia318,DistritoC8
758,UB100758,Tacna,Provincia419,DistritoD9
759,UB100759,Ancash,Provincia520,DistritoE10
760,UB100760,Lima,Provincia11,DistritoA11
761,UB100761,Cusco,Provincia22,DistritoB12
762,UB100762,Arequipa,Provincia33,DistritoC13
763,UB100763,Piura,Provincia44,DistritoD14
764,UB100764,La Libertad,Provincia55,DistritoE15
765,UB100765,Loreto,Provincia16,DistritoA16
766,UB100766,Junin,Provincia27,DistritoB17
767,UB100767,Puno,Provincia38,DistritoC18
768,UB100768,Tacna,Provincia49,DistritoD19
769,UB100769,Ancash,Provincia510,DistritoE20
770,UB100770,Lima,Provincia111,DistritoA21
771,UB100771,Cusco,Provincia212,DistritoB22
772,UB100772,Arequipa,Provincia313,DistritoC23
773,UB100773,Piura,Provincia414,DistritoD24
774,UB100774,La Libertad,Provincia515,DistritoE25
775,UB100775,Loreto,Provincia116,DistritoA26
776,UB100776,Junin,Provincia217,DistritoB27
777,UB100777,Puno,Provincia318,DistritoC28
778,UB100778,Tacna,Provincia419,DistritoD29
779,UB100779,Ancash,Provincia520,DistritoE30
780,UB100780,Lima,Provincia11,DistritoA31
781,UB100781,Cusco,Provincia22,DistritoB32
782,UB100782,Arequipa,Provincia33,DistritoC33
783,UB100783,Piura,Provincia44,DistritoD34
784,UB100784,La Libertad,Provincia55,DistritoE35
785,UB100785,Loreto,Provincia16,DistritoA36
786,UB100786,Junin,Provincia27,DistritoB37
787,UB100787,Puno,Provincia38,DistritoC38
788,UB100788,Tacna,Provincia49,DistritoD39
789,UB100789,Ancash,Provincia510,DistritoE40
790,UB100790,Lima,Provincia111,DistritoA41
791,UB100791,Cusco,Provincia212,DistritoB42
792,UB100792,Arequipa,Provincia313,DistritoC43
793,UB100793,Piura,Provincia414,DistritoD44
794,UB100794,La Libertad,Provincia515,DistritoE45
795,UB100795,Loreto,Provincia116,DistritoA46
796,UB100796,Junin,Provincia217,DistritoB47
797,UB100797,Puno,Provincia318,DistritoC48
798,UB100798,Tacna,Provincia419,DistritoD49
799,UB100799,Ancash,Provincia520,DistritoE50
800,UB100800,Lima,Provincia11,DistritoA1
801,UB100801,Cusco,Provincia22,DistritoB2
802,UB100802,Arequipa,Provincia33,DistritoC3
803,UB100803,Piura,Provincia44,DistritoD4
804,UB100804,La Libertad,Provincia55,DistritoE5
805,UB100805,Loreto,Provincia16,DistritoA6
806,UB100806,Junin,Provincia27,DistritoB7
807,UB100807,Puno,Provincia38,DistritoC8
808,UB100808,Tacna,Provincia49,DistritoD9
809,UB100809,Ancash,Provincia510,DistritoE10
810,UB100810,Lima,Provincia111,DistritoA11
811,UB100811,Cusco,Provincia212,DistritoB12
812,UB100812,Arequipa,Provincia313,DistritoC13
813,UB100813,Piura,Provincia414,DistritoD14
814,UB100814,La Libertad,Provincia515,DistritoE15
815,UB100815,Loreto,Provincia116,DistritoA16
816,UB100816,Junin,Provincia217,DistritoB17
817,UB100817,Puno,Provincia318,DistritoC18
818,UB100818,Tacna,Provincia419,DistritoD19
819,UB100819,Ancash,Provincia520,DistritoE20
820,UB100820,Lima,Provincia11,DistritoA21
821,UB100821,Cusco,Provincia22,DistritoB22
822,UB100822,Arequipa,Provincia33,DistritoC23
823,UB100823,Piura,Provincia44,DistritoD24
824,UB100824,La Libertad,Provincia55,DistritoE25
825,UB100825,Loreto,Provincia16,DistritoA26
826,UB100826,Junin,Provincia27,DistritoB27
827,UB100827,Puno,Provincia38,DistritoC28
828,UB100828,Tacna,Provincia49,DistritoD29
829,UB100829,Ancash,Provincia510,DistritoE30
830,UB100830,Lima,Provincia111,DistritoA31
831,UB100831,Cusco,Provincia212,DistritoB32
832,UB100832,Arequipa,Provincia313,DistritoC33
833,UB100833,Piura,Provincia414,DistritoD34
834,UB100834,La Libertad,Provincia515,DistritoE35
835,UB100835,Loreto,Provincia116,DistritoA36
836,UB100836,Junin,Provincia217,DistritoB37
837,UB100837,Puno,Provincia318,DistritoC38
838,UB100838,Tacna,Provincia419,DistritoD39
839,UB100839,Ancash,Provincia520,DistritoE40
840,UB100840,Lima,Provincia11,DistritoA41
841,UB100841,Cusco,Provincia22,DistritoB42
842,UB100842,Arequipa,Provincia33,DistritoC43
843,UB100843,Piura,Provincia44,DistritoD44
844,UB100844,La Libertad,Provincia55,DistritoE45
845,UB100845,Loreto,Provincia16,DistritoA46
846,UB100846,Junin,Provincia27,DistritoB47
847,UB100847,Puno,Provincia38,DistritoC48
848,UB100848,Tacna,Provincia49,DistritoD49
849,UB100849,Ancash,Provincia510,DistritoE50
850,UB100850,Lima,Provincia111,DistritoA1
851,UB100851,Cusco,Provincia212,DistritoB2
852,UB100852,Arequipa,Provincia313,DistritoC3
853,UB100853,Piura,Provincia414,DistritoD4
854,UB100854,La Libertad,Provincia515,DistritoE5
855,UB100855,Loreto,Provincia116,DistritoA6
856,UB100856,Junin,Provincia217,DistritoB7
857,UB100857,Puno,Provincia318,DistritoC8
858,UB100858,Tacna,Provincia419,DistritoD9
859,UB100859,Ancash,Provincia520,DistritoE10
860,UB100860,Lima,Provincia11,DistritoA11
861,UB100861,Cusco,Provincia22,DistritoB12
862,UB100862,Arequipa,Provincia33,DistritoC13
863,UB100863,Piura,Provincia44,DistritoD14
864,UB100864,La Libertad,Provincia55,DistritoE15
865,UB100865,Loreto,Provincia16,DistritoA16
866,UB100866,Junin,Provincia27,DistritoB17
867,UB100867,Puno,Provincia38,DistritoC18
868,UB100868,Tacna,Provincia49,DistritoD19
869,UB100869,Ancash,Provincia510,DistritoE20
870,UB100870,Lima,Provincia111,DistritoA21
871,UB100871,Cusco,Provincia212,DistritoB22
872,UB100872,Arequipa,Provincia313,DistritoC23
873,UB100873,Piura,Provincia414,DistritoD24
874,UB100874,La Libertad,Provincia515,DistritoE25
875,UB100875,Loreto,Provincia116,DistritoA26
876,UB100876,Junin,Provincia217,DistritoB27
877,UB100877,Puno,Provincia318,DistritoC28
878,UB100878,Tacna,Provincia419,DistritoD29
879,UB100879,Ancash,Provincia520,DistritoE30
880,UB100880,Lima,Provincia11,DistritoA31
881,UB100881,Cusco,Provincia22,DistritoB32
882,UB100882,Arequipa,Provincia33,DistritoC33
883,UB100883,Piura,Provincia44,DistritoD34
884,UB100884,La Libertad,Provincia55,DistritoE35
885,UB100885,Loreto,Provincia16,DistritoA36
886,UB100886,Junin,Provincia27,DistritoB37
887,UB100887,Puno,Provincia38,DistritoC38
888,UB100888,Tacna,Provincia49,DistritoD39
889,UB100889,Ancash,Provincia510,DistritoE40
890,UB100890,Lima,Provincia111,DistritoA41
891,UB100891,Cusco,Provincia212,DistritoB42
892,UB100892,Arequipa,Provincia313,DistritoC43
893,UB100893,Piura,Provincia414,DistritoD44
894,UB100894,La Libertad,Provincia515,DistritoE45
895,UB100895,Loreto,Provincia116,DistritoA46
896,UB100896,Junin,Provincia217,DistritoB47
897,UB100897,Puno,Provincia318,DistritoC48
898,UB100898,Tacna,Provincia419,DistritoD49
899,UB100899,Ancash,Provincia520,DistritoE50
900,UB100900,Lima,Provincia11,DistritoA1
901,UB100901,Cusco,Provincia22,DistritoB2
902,UB100902,Arequipa,Provincia33,DistritoC3
903,UB100903,Piura,Provincia44,DistritoD4
904,UB100904,La Libertad,Provincia55,DistritoE5
905,UB100905,Loreto,Provincia16,DistritoA6
906,UB100906,Junin,Provincia27,DistritoB7
907,UB100907,Puno,Provincia38,DistritoC8
908,UB100908,Tacna,Provincia49,DistritoD9
909,UB100909,Ancash,Provincia510,DistritoE10
910,UB100910,Lima,Provincia111,DistritoA11
911,UB100911,Cusco,Provincia212,DistritoB12
912,UB100912,Arequipa,Provincia313,DistritoC13
913,UB100913,Piura,Provincia414,DistritoD14
914,UB100914,La Libertad,Provincia515,DistritoE15
915,UB100915,Loreto,Provincia116,DistritoA16
916,UB100916,Junin,Provincia217,DistritoB17
917,UB100917,Puno,Provincia318,DistritoC18
918,UB100918,Tacna,Provincia419,DistritoD19
919,UB100919,Ancash,Provincia520,DistritoE20
920,UB100920,Lima,Provincia11,DistritoA21
921,UB100921,Cusco,Provincia22,DistritoB22
922,UB100922,Arequipa,Provincia33,DistritoC23
923,UB100923,Piura,Provincia44,DistritoD24
924,UB100924,La Libertad,Provincia55,DistritoE25
925,UB100925,Loreto,Provincia16,DistritoA26
926,UB100926,Junin,Provincia27,DistritoB27
927,UB100927,Puno,Provincia38,DistritoC28
928,UB100928,Tacna,Provincia49,DistritoD29
929,UB100929,Ancash,Provincia510,DistritoE30
930,UB100930,Lima,Provincia111,DistritoA31
931,UB100931,Cusco,Provincia212,DistritoB32
932,UB100932,Arequipa,Provincia313,DistritoC33
933,UB100933,Piura,Provincia414,DistritoD34
934,UB100934,La Libertad,Provincia515,DistritoE35
935,UB100935,Loreto,Provincia116,DistritoA36
936,UB100936,Junin,Provincia217,DistritoB37
937,UB100937,Puno,Provincia318,DistritoC38
938,UB100938,Tacna,Provincia419,DistritoD39
939,UB100939,Ancash,Provincia520,DistritoE40
940,UB100940,Lima,Provincia11,DistritoA41
941,UB100941,Cusco,Provincia22,DistritoB42
942,UB100942,Arequipa,Provincia33,DistritoC43
943,UB100943,Piura,Provincia44,DistritoD44
944,UB100944,La Libertad,Provincia55,DistritoE45
945,UB100945,Loreto,Provincia16,DistritoA46
946,UB100946,Junin,Provincia27,DistritoB47
947,UB100947,Puno,Provincia38,DistritoC48
948,UB100948,Tacna,Provincia49,DistritoD49
949,UB100949,Ancash,Provincia510,DistritoE50
950,UB100950,Lima,Provincia111,DistritoA1
951,UB100951,Cusco,Provincia212,DistritoB2
952,UB100952,Arequipa,Provincia313,DistritoC3
953,UB100953,Piura,Provincia414,DistritoD4
954,UB100954,La Libertad,Provincia515,DistritoE5
955,UB100955,Loreto,Provincia116,DistritoA6
956,UB100956,Junin,Provincia217,DistritoB7
957,UB100957,Puno,Provincia318,DistritoC8
958,UB100958,Tacna,Provincia419,DistritoD9
959,UB100959,Ancash,Provincia520,DistritoE10
960,UB100960,Lima,Provincia11,DistritoA11
961,UB100961,Cusco,Provincia22,DistritoB12
962,UB100962,Arequipa,Provincia33,DistritoC13
963,UB100963,Piura,Provincia44,DistritoD14
964,UB100964,La Libertad,Provincia55,DistritoE15
965,UB100965,Loreto,Provincia16,DistritoA16
966,UB100966,Junin,Provincia27,DistritoB17
967,UB100967,Puno,Provincia38,DistritoC18
968,UB100968,Tacna,Provincia49,DistritoD19
969,UB100969,Ancash,Provincia510,DistritoE20
970,UB100970,Lima,Provincia111,DistritoA21
971,UB100971,Cusco,Provincia212,DistritoB22
972,UB100972,Arequipa,Provincia313,DistritoC23
973,UB100973,Piura,Provincia414,DistritoD24
974,UB100974,La Libertad,Provincia515,DistritoE25
975,UB100975,Loreto,Provincia116,DistritoA26
976,UB100976,Junin,Provincia217,DistritoB27
977,UB100977,Puno,Provincia318,DistritoC28
978,UB100978,Tacna,Provincia419,DistritoD29
979,UB100979,Ancash,Provincia520,DistritoE30
980,UB100980,Lima,Provincia11,DistritoA31
981,UB100981,Cusco,Provincia22,DistritoB32
982,UB100982,Arequipa,Provincia33,DistritoC33
983,UB100983,Piura,Provincia44,DistritoD34
984,UB100984,La Libertad,Provincia55,DistritoE35
985,UB100985,Loreto,Provincia16,DistritoA36
986,UB100986,Junin,Provincia27,DistritoB37
987,UB100987,Puno,Provincia38,DistritoC38
988,UB100988,Tacna,Provincia49,DistritoD39
989,UB100989,Ancash,Provincia510,DistritoE40
990,UB100990,Lima,Provincia111,DistritoA41
991,UB100991,Cusco,Provincia212,DistritoB42
992,UB100992,Arequipa,Provincia313,DistritoC43
993,UB100993,Piura,Provincia414,DistritoD44
994,UB100994,La Libertad,Provincia515,DistritoE45
995,UB100995,Loreto,Provincia116,DistritoA46
996,UB100996,Junin,Provincia217,DistritoB47
997,UB100997,Puno,Provincia318,DistritoC48
998,UB100998,Tacna,Provincia419,DistritoD49
999,UB100999,Ancash,Provincia520,DistritoE50
1000,UB101000,Lima,Provincia11,DistritoA1
